image,class,confidence,x1,y1,x2,y2
hdpe (104).png,HDPE,0.9109,79.1,37.5,148.3,188.5
hdpe (104).png,HDPE,0.8075,133.8,34.9,229.0,197.2
hdpe (104).png,HDPE,0.3629,22.0,40.1,89.5,182.6
hdpe (122).png,HDPE,0.9038,105.2,23.7,173.9,224.1
hdpe (122).png,PET,0.7437,103.4,24.3,172.8,223.9
hdpe (122).png,PS,0.4553,103.0,24.0,172.6,225.6
hdpe (126).png,HDPE,0.8304,19.0,26.0,113.4,215.5
hdpe (126).png,HDPE,0.5501,134.2,31.4,230.3,213.5
hdpe (126).png,PS,0.3932,18.5,25.4,114.0,218.2
hdpe (126).png,PET,0.3298,17.8,27.5,114.0,215.4
hdpe (14).png,HDPE,0.5195,84.7,21.9,165.7,233.3
hdpe (14).png,PET,0.4381,83.9,23.0,170.5,235.1
hdpe (146).jpg,HDPE,0.9033,30.2,13.1,150.6,225.8
hdpe (146).jpg,PS,0.7587,29.6,13.4,152.0,225.3
hdpe (151).png,HDPE,0.5878,62.6,1.1,175.2,220.9
hdpe (155).jpg,HDPE,0.9978,63.3,17.0,338.5,576.0
hdpe (155).jpg,PS,0.9127,67.2,26.3,342.6,577.2
hdpe (159).jpg,HDPE,0.8186,161.7,4.8,388.4,389.8
hdpe (159).jpg,PS,0.263,160.5,7.2,388.1,388.5
hdpe (16).png,HDPE,0.6873,60.0,20.1,109.3,123.5
hdpe (16).png,HDPE,0.3391,117.4,16.9,186.4,123.3
hdpe (164).png,HDPE,0.4281,97.5,36.8,164.9,233.9
hdpe (166).jpg,HDPE,0.3523,146.4,84.2,333.7,249.7
hdpe (175).jpg,HDPE,0.5802,263.0,0.0,509.5,368.0
hdpe (175).jpg,PS,0.2666,276.2,0.0,508.7,367.4
hdpe (177).jpg,PS,0.5164,0.0,0.0,417.6,354.2
hdpe (177).jpg,HDPE,0.4442,0.0,2.5,422.7,365.1
hdpe (185).png,HDPE,0.9358,76.1,6.8,182.2,224.5
hdpe (185).png,PS,0.6171,74.0,7.8,188.4,224.2
hdpe (186).png,HDPE,0.7357,90.0,0.8,170.1,230.9
hdpe (190).png,HDPE,0.8846,74.0,28.2,180.5,213.8
hdpe (190).png,PS,0.4206,74.4,27.7,181.6,213.4
hdpe (219).png,HDPE,0.991,13.0,38.2,78.6,212.6
hdpe (219).png,HDPE,0.936,175.3,46.6,242.9,215.9
hdpe (219).png,PET,0.6561,14.1,39.1,80.8,214.2
hdpe (219).png,HDPE,0.2582,37.7,35.0,188.1,220.2
hdpe (220).jpg,LDPE,0.3245,0.0,0.0,382.4,331.9
hdpe (221).jpg,LDPE,0.4238,6.8,59.8,479.8,284.9
hdpe (221).jpg,PP,0.3513,2.4,56.5,483.2,285.0
hdpe (222).png,HDPE,0.965,57.6,39.9,210.2,248.7
hdpe (222).png,LDPE,0.9329,58.9,44.8,207.8,248.4
hdpe (222).png,PS,0.7303,57.4,44.7,202.9,253.0
hdpe (223).jpg,HDPE,0.8333,131.8,6.4,395.8,370.2
hdpe (223).jpg,LDPE,0.5564,132.3,7.6,393.4,369.5
hdpe (223).jpg,PS,0.4707,133.3,8.4,388.6,369.0
hdpe (23).jpg,PS,0.3369,58.8,45.0,236.5,110.9
hdpe (236).png,HDPE,0.8716,62.3,47.1,111.4,171.8
hdpe (236).png,PET,0.6652,62.0,46.3,112.0,170.9
hdpe (236).png,HDPE,0.4863,108.8,17.5,180.8,171.5
hdpe (249).jpg,PS,0.3189,0.0,1.8,512.0,350.4
hdpe (251).jpg,HDPE,0.2906,85.4,14.3,488.1,369.3
hdpe (28).png,HDPE,0.9441,0.0,94.6,66.1,204.9
hdpe (28).png,HDPE,0.4781,108.6,105.0,172.0,204.6
hdpe (28).png,PVC,0.2656,50.8,76.0,91.6,148.8
hdpe (4).jpg,PVC,0.2826,1060.7,202.4,1471.2,1265.9
hdpe (47).png,HDPE,0.9241,158.6,65.5,198.2,197.1
hdpe (47).png,HDPE,0.8598,78.3,73.4,121.4,195.3
hdpe (47).png,HDPE,0.8381,19.2,72.4,89.0,188.3
hdpe (47).png,HDPE,0.6276,108.6,54.2,165.2,189.2
hdpe (47).png,HDPE,0.5788,190.8,64.2,236.0,192.4
hdpe (7).jpg,LDPE,0.2922,35.1,17.7,230.1,96.9
hdpe (72).jpg,PET,0.6524,62.3,33.9,106.2,191.9
hdpe (72).jpg,HDPE,0.5803,61.9,34.9,107.9,193.4
hdpe (78).jpg,HDPE,0.4318,29.8,14.0,129.7,146.0
hdpe (81).jpg,HDPE,0.419,42.4,64.9,97.4,143.1
hdpe (84).png,HDPE,0.8735,85.1,0.7,171.6,230.0
hdpe (84).png,PS,0.2791,85.8,3.1,187.2,231.6
hdpe (93).png,HDPE,0.8169,52.6,56.9,206.1,255.4
hdpe (93).png,PS,0.377,51.5,60.0,203.9,256.0
hdpe (93).png,LDPE,0.2731,48.4,58.1,204.6,256.0
hdpe (94).jpg,PS,0.4331,88.8,59.2,146.2,110.2
hdpe (94).jpg,PP,0.4305,89.4,58.6,146.1,110.2
hdpe (94).jpg,PVC,0.2675,89.8,58.6,145.3,109.9
hdpe 175.png,HDPE,0.764,62.0,50.9,180.9,228.9
hdpe 175.png,PS,0.3825,62.8,47.6,182.6,230.3
hdpe 220.png,PVC,0.3458,177.4,86.7,218.4,165.8
hdpe 220.png,PVC,0.2537,157.8,94.9,188.3,168.7
hdpe 72.png,HDPE,0.9043,18.5,62.3,85.8,188.4
hdpe 72.png,HDPE,0.8102,159.4,66.6,198.0,197.7
hdpe 72.png,HDPE,0.5183,110.4,55.1,164.0,190.1
ldpe (150).png,HDPE,0.6852,87.1,59.4,128.2,248.1
ldpe (150).png,HDPE,0.5732,62.3,48.3,101.8,249.5
ldpe (150).png,HDPE,0.5176,127.3,50.1,193.5,250.5
ldpe (150).png,HDPE,0.3925,124.1,63.7,147.2,247.1
ldpe (164).jpg,LDPE,0.2868,173.8,81.4,692.0,550.6
ldpe (179).jpg,LDPE,0.7151,17.9,18.5,469.5,475.3
ldpe (179).jpg,HDPE,0.6658,28.1,20.2,476.0,472.7
ldpe (179).jpg,PS,0.5826,29.2,37.4,471.2,482.2
ldpe (191).png,LDPE,0.5894,30.2,46.2,218.5,213.6
ldpe (191).png,PS,0.2784,32.3,47.0,218.6,214.0
ldpe (2).png,LDPE,0.8279,0.0,4.6,252.8,228.4
ldpe (2).png,HDPE,0.4808,0.8,22.1,253.3,228.9
ldpe (2).png,PS,0.4176,0.0,1.9,253.9,224.3
ldpe (22).png,LDPE,0.53,11.1,27.2,234.1,232.1
ldpe (22).png,LDPE,0.2794,7.4,27.5,234.6,153.0
ldpe (252).png,HDPE,0.8777,182.5,5.4,249.5,187.4
ldpe (252).png,HDPE,0.7196,173.9,3.9,230.0,196.1
ldpe (252).png,HDPE,0.6435,173.4,26.6,216.0,192.8
ldpe (252).png,HDPE,0.5527,148.2,19.2,177.4,195.2
ldpe (252).png,PET,0.4479,181.3,1.4,252.1,201.9
ldpe (252).png,HDPE,0.3204,137.2,7.7,174.2,198.2
ldpe (270).png,LDPE,0.9686,0.0,43.6,219.1,244.2
ldpe (270).png,PS,0.8816,10.6,48.8,217.2,241.8
ldpe (270).png,HDPE,0.8444,7.5,42.4,221.4,243.0
ldpe (33).png,HDPE,0.6424,19.9,0.0,51.2,246.4
ldpe (33).png,HDPE,0.5078,40.4,0.0,76.2,246.4
ldpe (33).png,HDPE,0.4935,89.0,36.2,126.7,255.7
ldpe (33).png,HDPE,0.4461,56.6,0.0,114.3,244.3
ldpe (33).png,HDPE,0.417,125.3,36.3,162.5,256.0
ldpe (33).png,HDPE,0.3989,94.5,0.0,128.3,234.8
ldpe (33).png,HDPE,0.3654,119.8,39.7,150.8,256.0
ldpe (33).png,HDPE,0.3513,50.3,18.1,83.4,240.1
ldpe (33).png,HDPE,0.337,40.2,15.8,65.8,256.0
ldpe (33).png,HDPE,0.3128,78.6,0.0,115.2,238.5
ldpe (33).png,HDPE,0.3062,153.4,20.1,186.4,245.6
ldpe (33).png,HDPE,0.3044,76.2,37.3,103.1,256.0
ldpe (33).png,HDPE,0.29,119.6,0.0,144.2,232.9
ldpe (4).jpg,LDPE,0.4007,0.0,0.0,298.2,300.0
ldpe (4).jpg,PS,0.3062,0.0,5.8,298.2,300.0
ldpe (48).jpg,LDPE,0.5153,2.2,35.5,215.2,273.4
ldpe (86).png,PVC,0.3029,113.7,169.6,206.9,219.2
ldpe (89).jpg,HDPE,0.9551,76.2,49.4,217.9,232.6
ldpe (89).jpg,PS,0.803,77.3,44.1,219.5,230.9
ldpe 4.png,LDPE,0.5588,14.5,52.7,205.9,249.4
pet (1).png,HDPE,0.7718,81.6,0.2,175.2,241.4
pet (1).png,HDPE,0.397,81.6,7.6,256.0,246.3
pet (1).png,PS,0.2525,81.8,3.6,204.8,244.4
pet (10).png,HDPE,0.8428,98.2,37.2,169.4,220.0
pet (10).png,PET,0.7694,97.7,39.8,168.8,218.7
pet (107).png,HDPE,0.7547,58.3,8.1,189.4,240.6
pet (107).png,PS,0.5164,59.0,14.2,191.5,244.6
pet (108).jpg,HDPE,0.9928,45.7,0.0,113.1,247.4
pet (108).jpg,PET,0.4923,44.5,1.1,116.3,249.6
pet (108).jpg,PS,0.4727,42.3,0.0,114.2,250.0
pet (110).jpg,HDPE,0.9991,30.7,4.4,91.9,222.2
pet (110).jpg,PS,0.7647,31.9,5.6,94.2,221.6
pet (110).jpg,PET,0.5395,31.2,4.2,95.0,219.7
pet (120).png,HDPE,0.8911,0.0,16.4,51.7,169.9
pet (120).png,HDPE,0.2583,81.5,20.2,149.5,197.8
pet (123).jpg,HDPE,0.7944,56.7,17.6,118.8,212.6
pet (123).jpg,PET,0.7866,55.5,17.1,116.7,211.4
pet (142).png,HDPE,0.9705,58.6,14.4,189.3,233.1
pet (142).png,PS,0.8595,58.9,18.5,191.2,236.0
pet (149).jpg,HDPE,0.9799,74.9,64.0,128.9,218.0
pet (149).jpg,PET,0.9314,74.5,62.5,129.3,218.8
pet (158).png,HDPE,0.9978,93.2,19.0,160.5,232.3
pet (158).png,PS,0.5579,93.7,21.6,160.8,236.7
pet (158).png,PET,0.3619,93.4,21.2,161.0,234.4
pet (160).png,HDPE,0.4829,82.7,3.0,170.6,244.0
pet (160).png,PET,0.4581,81.4,3.0,172.3,242.9
pet (183).png,LDPE,0.7602,19.8,0.0,229.8,215.0
pet (183).png,PS,0.558,17.1,0.0,231.8,250.0
pet (183).png,PS,0.4689,35.8,41.7,228.5,212.7
pet (183).png,HDPE,0.4111,19.3,1.0,233.2,251.2
pet (200).png,HDPE,0.4169,72.3,25.2,131.7,207.6
pet (200).png,PET,0.2924,71.8,26.9,131.9,208.4
pet (206).png,HDPE,0.747,157.6,41.4,236.6,215.6
pet (206).png,PS,0.4467,14.1,29.6,204.6,221.0
pet (206).png,PET,0.3825,156.5,43.6,236.6,216.3
pet (212).png,HDPE,0.9081,65.7,24.0,135.0,236.1
pet (212).png,PP,0.4587,70.8,186.5,133.6,235.5
pet (212).png,PVC,0.3007,148.0,187.2,197.9,234.9
pet (212).png,PS,0.2888,64.9,26.0,133.8,238.1
pet (218).png,HDPE,0.9975,97.7,37.1,155.1,212.2
pet (218).png,PS,0.3981,94.6,37.6,156.6,212.6
pet (222).jpg,HDPE,0.5762,0.0,0.0,289.5,384.0
pet (222).jpg,PS,0.5268,0.5,0.0,286.1,383.5
pet (222).jpg,LDPE,0.4147,0.8,0.0,281.2,383.7
pet (239).jpg,HDPE,0.4855,118.5,105.6,302.0,302.2
pet (249).png,HDPE,0.8531,25.5,2.9,113.6,242.5
pet (249).png,PET,0.3326,24.5,6.3,114.0,244.2
pet (25).jpg,LDPE,0.3089,129.9,66.5,500.9,384.0
pet (58).png,HDPE,0.7917,83.2,0.0,171.4,254.3
pet (58).png,PET,0.7284,83.9,0.0,173.0,253.6
pet (67).jpg,LDPE,0.5116,35.1,0.0,448.0,310.6
pet (67).jpg,HDPE,0.4509,40.1,8.9,448.3,307.2
pet (67).jpg,PS,0.2758,36.9,1.0,446.8,311.9
pet (70).png,HDPE,0.7981,77.8,10.5,180.5,244.8
pet (70).png,PS,0.2585,75.9,4.8,193.4,233.3
pet (71).jpg,HDPE,0.2624,160.8,41.4,396.1,262.6
pet (727).png,HDPE,0.9324,78.4,0.0,173.6,249.4
pet (727).png,PET,0.767,75.2,0.0,173.8,247.2
pet (727).png,PS,0.6854,76.6,8.7,173.5,250.4
pet (804).png,HDPE,0.4699,10.5,0.0,96.4,247.3
pet (899).png,HDPE,0.5407,96.3,7.7,172.0,242.7
pet (899).png,PET,0.4387,96.7,12.5,170.9,247.5
pet (899).png,PP,0.2528,12.1,8.1,59.2,64.3
pet (96).png,HDPE,0.8859,126.0,0.0,234.5,248.1
pet (96).png,HDPE,0.6176,8.1,6.6,117.8,253.4
pet (96).png,PS,0.4557,9.4,0.0,118.6,242.2
pet (96).png,PS,0.4523,135.8,31.1,238.2,247.1
pet 25.png,HDPE,0.7543,79.9,0.0,173.8,250.1
pet 25.png,PET,0.3245,78.8,4.9,175.6,248.8
pp (11).png,PS,0.8809,0.0,131.6,217.1,244.2
pp (11).png,HDPE,0.6474,0.0,131.2,221.6,243.3
pp (11).png,LDPE,0.634,0.0,127.7,217.9,243.5
pp (173).jpg,HDPE,0.9159,77.0,2.6,166.2,177.6
pp (173).jpg,PS,0.4311,76.7,0.5,164.0,178.3
pp (204).jpg,HDPE,0.6694,44.4,61.4,175.2,219.9
pp (204).jpg,LDPE,0.5329,40.9,55.4,174.9,218.5
pp (204).jpg,PS,0.4042,38.4,55.0,174.9,219.7
pp (225).jpg,HDPE,0.3878,19.4,16.9,157.6,147.6
pp (235).jpg,PS,0.5837,35.1,57.2,197.0,106.4
pp (24).jpg,HDPE,0.6443,0.0,55.8,391.2,354.8
pp (24).jpg,LDPE,0.5808,0.0,14.6,391.1,355.7
pp (24).jpg,PS,0.3859,0.0,45.4,389.4,357.4
pp (257).jpg,HDPE,0.4867,37.7,5.7,128.9,168.5
pp (264).jpg,PS,0.9946,0.0,35.6,184.5,229.4
pp (264).jpg,LDPE,0.9918,0.0,42.5,185.8,226.8
pp (264).jpg,HDPE,0.9809,0.0,45.3,186.6,226.6
pp (268).jpg,LDPE,0.8854,0.0,13.7,173.4,184.6
pp (268).jpg,HDPE,0.8128,0.0,20.4,176.4,183.6
pp (268).jpg,PS,0.7168,0.0,14.7,173.3,184.6
pp (275).jpg,LDPE,0.6874,80.6,2.3,231.3,147.3
pp (275).jpg,HDPE,0.6141,79.7,4.8,231.6,148.1
pp (275).jpg,PS,0.5793,80.5,1.4,229.9,148.0
pp (281).jpg,PS,0.5967,64.9,25.3,200.3,138.7
pp (281).jpg,HDPE,0.5916,64.9,25.6,198.9,139.7
pp (281).jpg,LDPE,0.484,64.0,24.6,201.1,137.3
pp (281).jpg,PS,0.3024,71.5,21.6,204.2,85.3
pp (287).jpg,HDPE,0.9,0.4,47.0,172.5,211.6
pp (287).jpg,LDPE,0.8914,0.0,44.6,170.2,214.0
pp (287).jpg,PS,0.8705,0.0,42.4,170.1,214.4
pp (297).jpg,HDPE,0.9642,34.1,23.9,192.0,201.1
pp (297).jpg,PS,0.9199,35.2,19.4,191.5,200.3
pp (297).jpg,LDPE,0.9047,34.8,22.2,192.0,198.4
pp (301).jpg,LDPE,0.4754,0.0,65.7,230.7,167.9
pp (303).png,PS,0.2532,6.0,36.5,255.9,236.4
pp (312).png,LDPE,0.6434,44.4,38.0,213.9,223.8
pp (312).png,HDPE,0.5443,46.6,40.4,214.4,224.2
pp (312).png,PS,0.3618,44.5,39.4,213.3,224.5
pp (317).png,LDPE,0.7591,5.8,26.6,250.6,221.7
pp (317).png,PS,0.2999,7.5,29.5,253.7,221.8
pp (317).png,HDPE,0.278,7.2,27.7,253.4,222.2
pp (329).jpg,PS,0.2521,589.9,662.0,1891.2,1156.8
pp (340).png,PS,0.915,144.4,0.0,253.1,62.0
pp (340).png,PS,0.3067,0.0,1.9,228.5,224.4
pp (346).png,PS,0.6708,32.2,18.9,226.2,223.8
pp (346).png,LDPE,0.5353,32.0,14.6,227.6,224.8
pp (346).png,HDPE,0.4784,33.5,20.7,229.8,219.4
pp (355).png,PS,0.5028,75.4,59.8,182.4,129.8
pp (356).png,PS,0.2943,112.4,15.0,255.1,52.6
pp (371).png,LDPE,0.3738,2.7,9.7,240.2,159.8
pp (374).png,PS,0.4638,0.0,0.0,250.9,256.0
pp (374).png,LDPE,0.3631,2.3,0.0,250.5,256.0
pp (374).png,LDPE,0.2604,122.2,152.1,254.1,254.9
pp (377).png,PS,0.5791,10.7,26.1,233.7,216.8
pp (377).png,LDPE,0.5572,10.8,25.6,233.1,217.6
pp (377).png,HDPE,0.257,12.6,28.2,237.8,218.0
pp (392).png,PS,0.5878,129.2,159.8,249.7,224.9
pp (392).png,PP,0.5811,130.6,159.5,251.9,225.2
pp (392).png,PP,0.5423,3.9,159.4,124.3,225.1
pp (392).png,PVC,0.4446,4.2,160.6,124.8,224.6
pp (392).png,PVC,0.4315,131.5,160.7,252.8,224.7
pp (392).png,PP,0.3902,130.6,31.2,252.3,97.2
pp (392).png,PVC,0.3507,4.1,32.0,124.7,96.6
pp (392).png,PS,0.3361,129.5,31.6,250.0,97.0
pp (392).png,PS,0.3183,0.4,159.8,122.7,224.7
pp (392).png,HDPE,0.3033,0.9,30.5,125.4,96.3
pp (392).png,PP,0.3024,3.3,31.2,125.1,97.1
pp (392).png,HDPE,0.298,1.9,159.7,126.8,223.9
pp (392).png,HDPE,0.281,133.5,30.2,251.2,96.8
pp (392).png,HDPE,0.269,132.3,160.2,250.5,223.9
pp (406).png,HDPE,0.8584,22.4,68.0,230.8,230.7
pp (406).png,LDPE,0.8308,20.9,62.2,231.2,229.5
pp (406).png,PS,0.6188,22.5,59.5,231.5,228.7
pp (41).jpg,HDPE,0.2875,236.3,33.8,440.4,285.2
pp (41).jpg,HDPE,0.2856,36.9,52.3,244.2,268.6
pp (427).png,PS,0.906,0.8,13.9,253.9,239.5
pp (427).png,HDPE,0.6398,0.3,23.3,249.8,244.6
pp (427).png,LDPE,0.4581,0.1,12.3,253.9,228.2
pp (427).png,HDPE,0.2551,0.0,57.5,246.4,200.3
pp (428).png,PS,0.2616,113.1,52.5,234.7,106.1
pp (429).png,PS,0.7801,17.5,87.2,235.8,216.7
pp (429).png,HDPE,0.7007,18.6,87.9,237.2,216.6
pp (441).png,PS,0.7064,21.7,85.1,110.6,132.5
pp (441).png,PS,0.5887,136.9,21.2,222.9,65.4
pp (441).png,PP,0.5613,136.9,22.6,222.9,65.4
pp (441).png,PS,0.5471,25.8,22.2,110.9,61.5
pp (441).png,PP,0.4486,22.9,85.4,110.4,132.2
pp (441).png,PP,0.3626,24.7,22.0,112.3,61.3
pp (441).png,PP,0.3241,135.2,84.0,225.4,128.8
pp (441).png,PS,0.2995,134.4,83.5,224.0,129.2
pp (448).png,LDPE,0.3119,0.0,26.1,249.8,222.8
pp (459).png,PS,0.6622,86.5,15.0,171.2,61.5
pp (459).png,PS,0.573,0.0,15.1,87.1,61.4
pp (459).png,PS,0.4649,169.2,10.6,256.0,63.2
pp (459).png,HDPE,0.3844,78.6,15.9,217.5,230.0
pp (459).png,HDPE,0.3515,161.2,0.0,254.9,229.8
pp (459).png,PP,0.3434,86.6,15.1,172.7,61.9
pp (459).png,HDPE,0.3149,0.1,13.3,104.0,231.5
pp (459).png,HDPE,0.3136,78.8,18.0,173.9,226.2
pp (5).jpg,LDPE,0.751,10.3,0.0,464.4,306.9
pp (5).jpg,PP,0.5045,30.0,1.8,472.9,313.2
pp (5).jpg,HDPE,0.2704,32.5,18.4,483.4,312.8
pp (6).png,PS,0.4307,35.6,6.9,206.4,233.1
pp (6).png,LDPE,0.3378,37.4,5.9,206.3,171.5
pp (6).png,HDPE,0.3266,35.6,13.6,206.4,232.2
ps (113).png,LDPE,0.6063,33.9,64.0,216.8,210.3
ps (113).png,HDPE,0.2971,35.9,66.5,219.6,212.7
ps (126).png,HDPE,0.9684,83.7,42.0,156.6,211.3
ps (126).png,HDPE,0.6093,4.8,81.2,87.3,214.4
ps (126).png,HDPE,0.4915,4.7,7.5,233.3,214.1
ps (126).png,HDPE,0.4748,81.5,37.0,203.7,213.0
ps (126).png,LDPE,0.4152,0.0,0.0,252.6,228.2
ps (126).png,PS,0.3893,84.4,37.7,158.7,211.7
ps (13).jpg,PP,0.8669,255.1,187.7,433.9,401.6
ps (13).jpg,PP,0.7146,0.0,357.1,180.4,547.2
ps (13).jpg,PP,0.4625,473.8,445.6,669.8,607.5
ps (13).jpg,PP,0.3423,85.1,406.3,262.5,586.5
ps (13).jpg,PS,0.3409,473.1,444.9,669.9,608.2
ps (14).png,PS,0.9328,19.3,53.1,234.0,225.0
ps (14).png,LDPE,0.9318,18.0,50.5,234.0,224.5
ps (14).png,HDPE,0.9238,19.0,56.0,236.7,226.7
ps (152).png,HDPE,0.8688,22.4,2.4,83.9,140.0
ps (152).png,PP,0.4173,49.9,174.7,101.8,213.9
ps (152).png,PS,0.3477,141.2,174.8,219.6,250.6
ps (165).png,PS,0.9129,3.6,2.4,251.8,245.5
ps (165).png,HDPE,0.8229,0.0,5.4,247.7,253.2
ps (165).png,LDPE,0.8102,0.0,1.2,251.2,252.9
ps (165).png,PS,0.3026,132.0,3.3,254.5,133.0
ps (177).png,HDPE,0.6171,19.3,67.1,105.7,192.4
ps (177).png,PS,0.4958,19.8,63.2,105.9,122.1
ps (177).png,HDPE,0.4747,155.0,30.2,242.1,208.6
ps (178).png,HDPE,0.866,97.6,66.2,167.2,183.0
ps (178).png,HDPE,0.8322,18.4,51.1,90.2,182.6
ps (178).png,HDPE,0.6224,175.2,84.5,240.9,181.5
ps (197).png,PP,0.5495,60.5,24.5,131.1,120.0
ps (197).png,PS,0.4583,53.5,106.6,232.9,246.2
ps (197).png,HDPE,0.3613,58.0,106.4,235.0,250.0
ps (198).png,PS,0.6498,163.8,132.7,247.3,194.3
ps (198).png,PP,0.3048,162.9,132.6,246.7,195.0
ps (20).jpg,HDPE,0.5163,456.9,774.6,1517.4,2999.2
ps (20).jpg,PET,0.2867,449.7,798.0,1525.9,3000.0
ps (21).png,PS,0.3041,116.0,2.9,225.1,64.7
ps (21).png,PS,0.254,0.0,3.8,108.3,66.7
ps (222).png,PS,0.4948,136.9,19.5,255.0,234.8
ps (222).png,HDPE,0.4573,0.2,0.0,244.9,232.8
ps (222).png,PS,0.3781,58.2,21.8,192.9,249.0
ps (222).png,HDPE,0.2959,58.5,15.4,191.5,249.5
ps (222).png,HDPE,0.2898,0.0,27.3,133.3,228.8
ps (236).png,HDPE,0.6017,137.9,94.8,241.5,230.0
ps (236).png,PS,0.3011,138.1,94.9,242.5,147.7
ps (236).png,PS,0.2703,139.1,95.6,242.6,230.3
ps (236).png,PS,0.2506,59.4,150.2,129.1,213.2
ps (241).png,HDPE,0.6468,0.7,70.1,133.1,248.1
ps (241).png,PS,0.4155,0.6,70.7,140.8,248.9
ps (241).png,PP,0.3114,11.9,23.9,87.2,78.9
ps (26).jpg,PP,0.2631,80.1,552.8,1178.4,1301.9
ps (26).jpg,PS,0.2509,181.7,547.9,1153.0,953.3
ps (260).png,PS,0.5075,108.7,13.3,225.1,223.2
ps (260).png,HDPE,0.3995,25.8,9.3,222.7,231.2
ps (260).png,PS,0.3137,23.7,12.6,222.3,230.9
ps (260).png,PET,0.2556,112.1,12.5,223.9,219.5
ps (278).png,HDPE,0.567,78.9,17.2,177.1,206.8
ps (288).png,HDPE,0.5445,63.5,45.1,227.0,248.0
ps (288).png,HDPE,0.4987,62.1,41.1,178.4,248.7
ps (295).png,PS,0.9623,51.0,0.0,243.4,253.5
ps (295).png,HDPE,0.8599,12.6,0.0,242.5,256.0
ps (297).png,PS,0.3334,10.5,43.8,241.3,206.9
ps (297).png,HDPE,0.31,14.5,45.9,243.5,211.0
ps (298).png,PS,0.9166,37.1,21.4,215.0,231.8
ps (298).png,HDPE,0.8786,38.3,31.5,216.7,232.4
ps (298).png,LDPE,0.281,36.7,23.0,215.8,236.3
ps (30).jpg,PVC,0.6951,728.3,215.0,926.0,619.5
ps (30).jpg,PVC,0.4511,837.7,218.9,1029.7,619.1
ps (30).jpg,HDPE,0.4237,179.3,153.5,511.6,583.6
ps (30).jpg,PS,0.2685,180.2,148.2,517.5,590.1
ps (302).png,HDPE,0.8893,39.8,60.0,211.4,192.7
ps (302).png,PS,0.7405,36.8,55.9,212.5,194.5
ps (304).png,HDPE,0.9778,33.1,6.9,152.0,246.5
ps (304).png,PS,0.8817,32.7,30.0,153.9,247.1
ps (315).png,HDPE,0.6362,181.8,45.8,245.0,188.4
ps (315).png,HDPE,0.34,141.0,103.2,207.2,221.9
ps (330).png,HDPE,0.3673,33.5,85.7,120.6,215.0
ps (343).png,PS,0.7309,103.8,22.3,224.9,234.3
ps (343).png,HDPE,0.6956,103.9,21.7,222.3,241.1
ps (343).png,HDPE,0.6816,18.2,1.0,130.4,170.0
ps (343).png,PS,0.3821,18.5,0.0,131.8,172.0
ps (346).png,HDPE,0.5021,44.7,34.1,130.4,246.9
ps (346).png,HDPE,0.458,127.6,10.2,236.9,230.2
ps (346).png,PP,0.3345,128.0,217.2,189.7,256.0
ps (346).png,HDPE,0.2999,31.4,38.9,103.2,188.8
ps (348).png,LDPE,0.5571,4.9,66.9,248.2,187.9
ps (348).png,HDPE,0.3061,9.6,68.7,247.7,187.9
ps (348).png,PS,0.2571,8.2,67.5,248.0,187.3
ps (368).png,HDPE,0.8293,7.5,25.6,91.7,212.3
ps (368).png,HDPE,0.4674,78.5,4.5,151.9,203.2
ps (368).png,PS,0.3067,5.9,20.9,90.9,213.8
ps (368).png,HDPE,0.3056,117.2,106.9,252.7,249.3
ps (368).png,PS,0.3019,117.8,105.2,251.3,248.6
ps (373).png,HDPE,0.9935,82.6,10.8,192.4,244.1
ps (373).png,PS,0.9176,82.8,13.8,195.0,243.7
ps (373).png,HDPE,0.7874,0.0,52.9,96.5,245.2
ps (373).png,PET,0.6909,85.0,12.1,194.5,256.0
ps (373).png,HDPE,0.315,0.2,35.4,131.8,246.5
ps (373).png,PS,0.2844,83.8,14.0,239.9,246.7
ps (373).png,PS,0.2654,0.5,59.6,107.3,243.3
ps (383).png,PP,0.3866,77.3,120.4,129.9,193.1
ps (383).png,PP,0.2628,20.7,78.0,77.3,125.0
ps (405).png,HDPE,0.9594,177.8,81.9,241.0,223.6
ps (405).png,HDPE,0.8316,7.7,17.0,77.5,229.0
ps (405).png,HDPE,0.7957,129.2,78.1,191.0,243.2
ps (405).png,HDPE,0.7831,66.0,57.3,132.0,242.3
ps (405).png,PP,0.5844,138.3,51.2,199.5,138.1
ps (405).png,PP,0.4618,70.2,7.8,130.3,77.3
ps (405).png,PET,0.2985,128.7,88.3,191.1,242.7
ps (412).png,HDPE,0.3609,33.5,85.7,120.6,215.0
ps (415).png,HDPE,0.7785,35.0,60.8,217.1,211.5
ps (415).png,LDPE,0.7466,32.6,55.5,218.6,208.6
ps (415).png,PS,0.43,33.1,57.3,217.8,208.4
ps (425).png,PS,0.4321,115.0,72.1,254.3,131.6
ps (425).png,PP,0.3518,118.3,73.4,250.2,131.9
ps (47).jpg,LDPE,0.9693,8.6,157.4,1421.1,1310.3
ps (47).jpg,PS,0.9654,48.6,180.9,1414.6,1313.7
ps (47).jpg,HDPE,0.9649,11.7,182.4,1430.0,1312.3
ps (470).png,PS,0.9254,19.8,46.8,229.6,236.0
ps (470).png,HDPE,0.8949,21.5,54.9,230.2,231.2
ps (470).png,LDPE,0.316,20.5,48.7,230.4,233.9
ps (481).png,HDPE,0.9728,68.5,11.9,185.8,247.2
ps (481).png,HDPE,0.6971,0.0,2.1,98.2,212.9
ps (481).png,HDPE,0.5943,156.6,1.0,255.9,214.1
ps (481).png,PS,0.575,68.8,19.0,190.5,248.3
ps (481).png,PS,0.3849,155.9,84.2,256.0,138.3
ps (481).png,PS,0.2564,156.8,85.8,256.0,116.2
ps (492).png,HDPE,0.7632,18.7,46.1,233.8,216.7
ps (492).png,PS,0.7247,21.1,42.3,230.9,213.7
ps (502).png,HDPE,0.7997,1311.3,0.0,2059.5,2443.4
ps (502).png,PET,0.743,1311.9,0.0,2062.8,2408.7
ps (502).png,HDPE,0.4594,497.8,0.0,2274.5,2363.1
ps (502).png,PS,0.2822,1298.3,85.8,2045.6,2417.9
ps (57).jpg,HDPE,0.38,181.0,61.4,318.9,295.0
ps (92).png,HDPE,0.6938,0.0,53.3,124.2,173.2
ps (92).png,PS,0.4922,0.6,54.3,123.4,173.4
ps (92).png,HDPE,0.3227,117.5,124.1,242.8,220.2
pvc (114).jpg,LDPE,0.8387,196.6,69.6,500.0,453.9
pvc (121).jpg,PS,0.827,68.9,0.0,735.6,665.9
pvc (121).jpg,LDPE,0.7757,61.9,0.0,740.6,663.5
pvc (121).jpg,HDPE,0.5897,70.1,0.0,749.3,654.6
pvc (135).jpg,PS,0.8676,55.2,113.3,561.0,642.2
pvc (135).jpg,HDPE,0.8561,53.3,121.3,565.3,641.9
pvc (135).jpg,LDPE,0.7736,58.5,123.0,562.3,644.4
pvc (28).jpg,HDPE,0.9062,9.6,10.8,1494.1,1227.3
pvc (28).jpg,PS,0.8123,11.1,0.0,1475.3,1255.9
pvc (28).jpg,LDPE,0.7423,0.0,2.5,1461.9,1218.3
pvc (5).jpg,HDPE,0.4984,758.9,38.5,1646.7,1183.4
pvc (5).jpg,PS,0.3475,753.1,16.6,1647.1,1151.5
pvc (8).jpg,PET,0.372,187.6,81.2,301.8,451.4
pvc (8).jpg,HDPE,0.3399,188.2,81.6,303.3,452.8
